Name,Email,College,Rank
Rajat,raja@gmail.com,ABes,1
Vaibhav,vaibhav@gmail.com,ABes,2
arsanal,arsa@gmail.com,ABes,3
pratyush,prat@gmail.com,ABes,4
priyanshu,priy@gmail.com,ABes,5
muskan,musk@gmail.com,ABes,6
luv,luv@gmail.com,ABes,7